Workbook

Sheet INDICE
F2: OFFERTA DI LAVORO - STIME PER I GRANDI COMUNI (Rilevazione sulle Forze di Lavoro ISTAT)
A7: INDICE DELLE TAVOLE
A8: Tavola 1 | B8: Occupati 15+ anni e tasso di occupazione 15-64 anni per genere | I8: Stime ISTAT
A9: Tavola 2 | B9: Disocccupati 15-74 anni e tasso disoccupazione | I9: Stime ISTAT
A10: Tavola 3 | B10: Non forze di lavoro 15-64 anni e tasso di inattività 15-64 anni per genere | I10: Stime ISTAT
A11: Tavola 4 | B11: Popolazione 15-64 anni per genere | I11: Stime IRES Piemonte

Sheet LEGGIMI
F2: OFFERTA DI LAVORO - STIME PER I GRANDI COMUNI (Rilevazione sulle Forze di Lavoro ISTAT)
A6: LEGGIMI
A7: La Rilevazione sulle Forze di Lavoro (RFL) è una indagine campionaria condotta mediante interviste alle famiglie, il cui obiettivo principale è la stima degli aggregati che compongono l’offerta di lavoro. Dalla RFL derivano infatti le stime ufficiali a livello internazionale degli occupati, delle persone in cerca di occupazione (talvolta definite in maniera divulgativa “disoccupati”), nonché delle componenti inattive della popolazione, con particolare riferimento a quelle in età da lavoro. I dati relativi a questi aggregati principali sono articolati secondo le principali variabili socio-anagrafiche e includono informazioni specifiche sulla condizione occupazionale e le sue motivazioni, sulla tipologia di occupazione (ad esempio, dipendente e indipendente) e di impiego (ad esempio, permanente o a termine), sul regime orario (ad esempio a tempo pieno o parziale), sulla professione e il settore di attività in cui operano gli occupati, oltre a un ampio set di informazioni accessorie. Le informazioni vengono raccolte dall'Istat intervistando ogni trimestre un campione di circa 60 mila famiglie, pari a 110 mila individui residenti in Italia. La natura campionaria dell’indagine condiziona l’articolazione delle informazioni, i domini territoriali per i quali è possibile elaborare le stime e la periodicità degli aggiornamenti, poiché l’aumento del dettaglio e della frequenza di aggiornamento comportano anche un maggior margine di errore. Pertanto, non tutte le informazioni sono disponibili per tutti i domini territoriali e/o con la stessa frequenza e l’ulteriore elaborazione dei dati è rimandata ad operatori esperti. Le tavole messe a disposizione dall’OMLT, basate su dati ad uso pubblico diffusi dall’ISTAT, tengono conto di questi vincoli e sono pertanto meno articolate a livello locale e più articolate nei domini sovraordinati. Inoltre, negli anni l'indagine è stata più volte rinnovata per tenere conto delle continue trasformazioni del mercato del lavoro e delle crescenti esigenze conoscitive degli utilizzatori. I dati contenuti in queste tavole sono stati raccolti dall’ISTAT secondo le modalità previste dal Regolamento UE 2019/1700, in vigore dal 1° gennaio 2021, che ha stabilito l’armonizzazione della rilevazione a livello europeo e la ridefinizione di alcuni fenomeni osservati. Questo passaggio ha determinato l’interruzione e parziale ricostruzione delle serie storiche, attualmente disponibili a partire dal 2018. Per maggiori informazioni è possibile fare riferimento alla pagina ufficiale della Rilevazione sulle Forze di Lavoro sul sito dell’ISTAT.

Sheet GLOSSARIO
F2: OFFERTA DI LAVORO - STIME PER I GRANDI COMUNI (Rilevazione sulle Forze di Lavoro ISTAT)
A6: GLOSSARIO
A7: Forze di lavoro: comprendono gli occupati e le persone in cerca di occupazione. Occupati: comprendono le persone di 15 anni e più che nella settimana di riferimento: − hanno svolto almeno un’ora di lavoro in una qualsiasi attività che preveda un corrispettivo monetario o in natura; − hanno svolto almeno un’ora di lavoro non retribuito nella ditta di un familiare nella quale collaborano abitualmente; − sono assenti dal lavoro (ad esempio, per ferie o malattia). I dipendenti assenti dal lavoro sono considerati occupati se l’assenza non supera tre mesi. Gli indipendenti assenti dal lavoro, ad eccezione dei coadiuvanti familiari, sono considerati occupati se, durante il periodo di assenza, mantengono l’attività. I coadiuvanti familiari sono considerati occupati se l’assenza non supera tre mesi. Persone in cerca di occupazione: comprendono le persone non occupate tra 15 e 74 anni che: − hanno effettuato almeno un’azione attiva di ricerca di lavoro nei trenta giorni che precedono l’intervista e sono disponibili a lavorare (o ad avviare un’attività autonoma) entro le due settimane successive all’intervista; − oppure, inizieranno un lavoro entro tre mesi dalla data dell’intervista e sono disponibili a lavorare (o ad avviare un’attività autonoma) entro le due settimane successive all’intervista, qualora fosse possibile anticipare l’inizio del lavoro. Inattivi: comprendono le persone che non fanno parte delle forze di lavoro, ovvero quelle non classificate come occupate o in cerca di occupazione. Tasso di attività: rapporto tra le persone appartenenti alle forze di lavoro e la corrispondente popolazione di riferimento. Tasso di inattività: rapporto tra le persone non appartenenti alle forze di lavoro e la corrispondente popolazione di riferimento. La somma del tasso di inattività e del tasso di attività è pari al 100 per cento. Tasso di occupazione: rapporto tra gli occupati e la corrispondente popolazione di riferimento. Tasso di disoccupazione: rapporto tra le persone in cerca di occupazione e le corrispondenti forze di lavoro. Tasso di disoccupazione di lunga durata: rapporto tra le persone in cerca di occupazione da dodici mesi e oltre e le forze di lavoro. Grandi comuni: comuni che al censimento del 2001 avevano almeno 250 mila abitanti (Roma, Milano, Napoli, Torino, Palermo, Genova, Bologna, Firenze, Bari, Catania, Venezia, Verona, Messina).

Sheet Tavola 1
E2: OFFERTA DI LAVORO - STIME PER I GRANDI COMUNI (Rilevazione sulle Forze di Lavoro ISTAT)
B6: Tavola 1 - Occupati 15+ anni* e tasso di occupazione 15-64 anni nei grandi comuni per genere
B7: I dati sono disponibili dall'anno 2018 con aggiornamento annuale (prossimo aggiornamento a marzo 2026)
B9: OCCUPATI 15+ ANNI (migliaia)
B10: Area territoriale | C10: Totale | J10: Donne | Q10: Uomini
C11: 2018 | D11: 2019 | E11: 2020 | F11: 2021 | G11: 2022 | H11: 2023 | I11: 2024 | J11: 2018 | K11: 2019 | L11: 2020 | M11: 2021 | N11: 2022 | O11: 2023 | P11: 2024 | Q11: 2018 | R11: 2019 | S11: 2020 | T11: 2021 | U11: 2022 | V11: 2023 | W11: 2024
B12: Torino | C12: 373.098 | D12: 372.242 | E12: 349.359 | F12: 352.739 | G12: 360.52 | H12: 353.792 | I12: 368.986 | J12: 175.127 | K12: 175.608 | L12: 162.508 | M12: 155.506 | N12: 167.801 | O12: 167.216 | P12: 175.561 | Q12: 197.972 | R12: 196.634 | S12: 186.851 | T12: 197.233 | U12: 192.719 | V12: 186.576 | W12: 193.425
B13: Genova | C13: 229.847 | D13: 225.679 | E13: 221.009 | F13: 223.979 | G13: 233.293 | H13: 240.374 | I13: 242.695 | J13: 105.593 | K13: 105.176 | L13: 100.478 | M13: 100.809 | N13: 103.714 | O13: 108.646 | P13: 111.453 | Q13: 124.254 | R13: 120.503 | S13: 120.531 | T13: 123.169 | U13: 129.579 | V13: 131.728 | W13: 131.241
B14: Milano | C14: 645.702 | D14: 664.859 | E14: 646.7 | F14: 656.688 | G14: 661.287 | H14: 656.619 | I14: 683.91 | J14: 302.041 | K14: 316.588 | L14: 307.31 | M14: 305.709 | N14: 305.085 | O14: 308.982 | P14: 328.186 | Q14: 343.661 | R14: 348.271 | S14: 339.39 | T14: 350.979 | U14: 356.202 | V14: 347.637 | W14: 355.724
B15: Verona | C15: 108.236 | D15: 116.156 | E15: 109.624 | F15: 112.919 | G15: 115.543 | H15: 123.736 | I15: 112.483 | J15: 51.095 | K15: 56.986 | L15: 48.696 | M15: 52.27 | N15: 51.602 | O15: 57.62 | P15: 53.182 | Q15: 57.141 | R15: 59.17 | S15: 60.928 | T15: 60.649 | U15: 63.941 | V15: 66.116 | W15: 59.301
B16: Venezia | C16: 110.533 | D16: 109.124 | E16: 101.162 | F16: 98.107 | G16: 114.293 | H16: 113.497 | I16: 107.431 | J16: 48.953 | K16: 47.229 | L16: 43.793 | M16: 43.382 | N16: 53.517 | O16: 51.444 | P16: 42.889 | Q16: 61.58 | R16: 61.896 | S16: 57.369 | T16: 54.725 | U16: 60.777 | V16: 62.053 | W16: 64.542
B17: Bologna | C17: 185.323 | D17: 189.867 | E17: 182.877 | F17: 183.075 | G17: 185.803 | H17: 181.652 | I17: 182.439 | J17: 89.144 | K17: 93.627 | L17: 87.504 | M17: 87.122 | N17: 87.33 | O17: 88.372 | P17: 84.947 | Q17: 96.179 | R17: 96.24 | S17: 95.373 | T17: 95.953 | U17: 98.473 | V17: 93.28 | W17: 97.492
B18: Firenze | C18: 170.824 | D18: 170.248 | E18: 154.161 | F18: 157.859 | G18: 170.252 | H18: 166.326 | I18: 172.074 | J18: 85.482 | K18: 83.954 | L18: 72.629 | M18: 77.538 | N18: 85.404 | O18: 80.242 | P18: 80.183 | Q18: 85.342 | R18: 86.294 | S18: 81.532 | T18: 80.321 | U18: 84.848 | V18: 86.084 | W18: 91.891
B19: Roma | C19: 1219.063 | D19: 1222.197 | E19: 1178.117 | F19: 1169.685 | G19: 1181.578 | H19: 1221.907 | I19: 1245.864 | J19: 575.36 | K19: 577.268 | L19: 547.056 | M19: 553.284 | N19: 561.25 | O19: 570.646 | P19: 583.476 | Q19: 643.703 | R19: 644.929 | S19: 631.061 | T19: 616.401 | U19: 620.327 | V19: 651.261 | W19: 662.388
B20: Napoli | C20: 256.036 | D20: 253.704 | E20: 246.522 | F20: 237.257 | G20: 240.869 | H20: 254.511 | I20: 257.26 | J20: 96.604 | K20: 100.017 | L20: 93.079 | M20: 87.236 | N20: 89.29 | O20: 92.738 | P20: 94.804 | Q20: 159.431 | R20: 153.687 | S20: 153.443 | T20: 150.021 | U20: 151.579 | V20: 161.773 | W20: 162.455
B21: Bari | C21: 104.666 | D21: 111.189 | E21: 108.936 | F21: 107.668 | G21: 112.49 | H21: 118.073 | I21: 121.524 | J21: 44.619 | K21: 45.577 | L21: 45.325 | M21: 44.929 | N21: 44.58 | O21: 47.009 | P21: 48.945 | Q21: 60.047 | R21: 65.612 | S21: 63.611 | T21: 62.739 | U21: 67.909 | V21: 71.064 | W21: 72.579
B22: Palermo | C22: 181.864 | D22: 181.104 | E22: 176.301 | F22: 179.781 | G22: 177.952 | H22: 183.284 | I22: 196.159 | J22: 72.871 | K22: 71.298 | L22: 69.902 | M22: 73.577 | N22: 73.434 | O22: 77.22 | P22: 84.669 | Q22: 108.993 | R22: 109.806 | S22: 106.398 | T22: 106.204 | U22: 104.518 | V22: 106.064 | W22: 111.489
B23: Messina | C23: 57.871 | D23: 52.34 | E23: 52.25 | F23: 50.92 | G23: 55.669 | H23: 54.677 | I23: 54.152 | J23: 20.335 | K23: 20.484 | L23: 18.65 | M23: 18.065 | N23: 20.432 | O23: 21.272 | P23: 20.603 | Q23: 37.536 | R23: 31.857 | S23: 33.6 | T23: 32.855 | U23: 35.237 | V23: 33.405 | W23: 33.549
... B30: Italia | C30: 22958.73 | D30: 23109.405 | E30: 22385.257 | F30: 22553.955 | G30: 23099.389 | H30: 23579.947 | I30: 23932.264 | J30: 9676.502 | K30: 9773.767 | L30: 9397.844 | M30: 9510.352 | N30: 9749.198 | O30: 9988.555 | P30: 10167.518 | Q30: 13282.229 | R30: 13335.637 | S30: 12987.414 | T30: 13043.604 | U30: 13350.191 | V30: 13591.392 | W30: 13764.746
B32: TASSO DI OCCUPAZIONE 15-64 ANNI (%)
B33: Area territoriale | C33: Totale | J33: Donne | Q33: Uomini
C34: 2018 | D34: 2019 | E34: 2020 | F34: 2021 | G34: 2022 | H34: 2023 | I34: 2024 | J34: 2018 | K34: 2019 | L34: 2020 | M34: 2021 | N34: 2022 | O34: 2023 | P34: 2024 | Q34: 2018 | R34: 2019 | S34: 2020 | T34: 2021 | U34: 2022 | V34: 2023 | W34: 2024
B35: Torino | C35: 67.768019 | D35: 67.960609 | E35: 64.519693 | F35: 64.944618 | G35: 66.720648 | H35: 66.7065 | I35: 68.353319 | J35: 63.253157 | K35: 63.923601 | L35: 59.383636 | M35: 57.215882 | N35: 62.218145 | O35: 62.934179 | P35: 64.900807 | Q35: 72.407485 | R35: 72.100745 | S35: 69.781907 | T35: 72.845542 | U35: 71.298233 | V35: 70.508214 | W35: 71.822116
B36: Genova | C36: 65.110846 | D36: 63.847538 | E36: 63.195646 | F36: 64.736789 | G36: 66.994971 | H36: 69.148369 | I36: 69.468386 | J36: 59.197402 | K36: 58.841539 | L36: 57.362092 | M36: 57.845264 | N36: 59.340127 | O36: 62.621893 | P36: 63.318482 | Q36: 71.2408 | R36: 69.030167 | S36: 69.226098 | T36: 71.742725 | U36: 74.836235 | V36: 75.773691 | W36: 75.682141
B37: Milano | C37: 71.245444 | D37: 72.593888 | E37: 69.356318 | F37: 70.373283 | G37: 72.363629 | H37: 72.370339 | I37: 73.853251 | J37: 66.951848 | K37: 69.433914 | L37: 66.540789 | M37: 66.498434 | N37: 67.280454 | O37: 68.547579 | P37: 71.877251 | Q37: 75.565024 | R37: 75.759853 | S37: 72.174017 | T37: 74.251482 | U37: 77.441902 | V37: 76.154991 | W37: 75.802708
B38: Verona | C38: 65.99519 | D38: 71.262162 | E38: 67.011395 | F38: 68.030601 | G38: 70.74894 | H38: 75.819229 | I38: 68.859761 | J38: 61.351456 | K38: 68.582648 | L38: 58.536367 | M38: 63.216245 | N38: 62.880811 | O38: 70.131754 | P38: 66.22656 | Q38: 70.819206 | R38: 74.040876 | S38: 75.810278 | T38: 73.012831 | U38: 78.923545 | V38: 81.668833 | W38: 71.431142
B39: Venezia | C39: 68.126038 | D39: 67.37333 | E39: 63.084716 | F39: 61.599218 | G39: 70.64002 | H39: 71.768795 | I39: 66.662781 | J39: 60.866882 | K39: 58.833668 | L39: 54.196518 | M39: 55.028596 | N39: 66.569041 | O39: 65.555057 | P39: 55.244519 | Q39: 75.577108 | R39: 76.077275 | S39: 72.115615 | T39: 68.239926 | U39: 74.686137 | V39: 77.940128 | W39: 77.402824
B40: Bologna | C40: 74.334525 | D40: 74.684681 | E40: 70.703814 | F40: 70.324877 | G40: 72.974402 | H40: 72.845074 | I40: 70.836468 | J40: 70.295813 | K40: 72.832503 | L40: 66.945596 | M40: 65.617247 | N40: 68.052956 | O40: 70.332159 | P40: 64.679582 | Q40: 78.568115 | R40: 76.622142 | S40: 74.622894 | T40: 75.226979 | U40: 78.071393 | V40: 75.430013 | W40: 77.164581
B41: Firenze | C41: 71.918628 | D41: 72.31628 | E41: 65.935039 | F41: 67.364434 | G41: 71.866898 | H41: 71.880917 | I41: 73.388129 | J41: 70.209286 | K41: 69.433542 | L41: 60.967453 | M41: 65.54871 | N41: 70.900094 | O41: 68.16375 | P41: 67.162433 | Q41: 73.744449 | R41: 75.398593 | S41: 71.252841 | T41: 69.304951 | U41: 72.89496 | V41: 75.788415 | W41: 79.930372
B42: Roma | C42: 66.043778 | D42: 65.936068 | E42: 63.717603 | F42: 63.716645 | G42: 65.509727 | H42: 67.730914 | I42: 68.710349 | J42: 61.206011 | K42: 60.890997 | L42: 57.841311 | M42: 59.333765 | N42: 61.032521 | O42: 62.243193 | P42: 63.459729 | Q42: 71.179223 | R42: 71.287645 | S42: 69.949813 | T42: 68.361226 | U42: 70.23068 | V42: 73.477797 | W42: 74.194274
B43: Napoli | C43: 39.231475 | D43: 39.067471 | E43: 38.169856 | F43: 37.37086 | G43: 39.368097 | H43: 41.256466 | I43: 41.637888 | J43: 29.127731 | K43: 30.365411 | L43: 28.24674 | M43: 27.051946 | N43: 28.658569 | O43: 29.707475 | P43: 29.976723 | Q43: 49.806374 | R43: 48.169186 | S43: 48.537294 | T43: 48.157009 | U43: 50.574551 | V43: 53.208513 | W43: 53.701388
B44: Bari | C44: 49.748395 | D44: 53.259531 | E44: 52.638728 | F44: 52.777552 | G44: 54.701766 | H44: 57.469024 | I44: 59.711717 | J44: 42.780222 | K44: 43.502801 | L44: 43.97143 | M44: 43.288503 | N44: 43.3683 | O44: 46.208255 | P44: 49.088355 | Q44: 56.942906 | R44: 63.329276 | S44: 61.579316 | T44: 62.56601 | U44: 66.391747 | V44: 68.964622 | W44: 70.221021
B45: Palermo | C45: 41.293112 | D45: 41.344275 | E45: 41.184646 | F45: 42.462735 | G45: 43.313134 | H45: 44.631944 | I45: 47.411677 | J45: 32.597794 | K45: 31.880608 | L45: 31.774454 | M45: 33.910112 | N45: 34.60578 | O45: 36.593234 | P45: 39.67239 | Q45: 50.446029 | R45: 51.304204 | S45: 51.102918 | T45: 51.495262 | U45: 52.519975 | V45: 53.057537 | W45: 55.523073
B46: Messina | C46: 37.911722 | D46: 34.484254 | E46: 35.367431 | F46: 35.091165 | G46: 39.179473 | H46: 38.386258 | I46: 37.940594 | J46: 26.038334 | K46: 26.626126 | L46: 24.791953 | M46: 24.15656 | N46: 28.344007 | O46: 29.017415 | P46: 27.878395 | Q46: 50.268683 | R46: 42.647466 | S46: 46.350791 | T46: 46.473362 | U46: 50.48069 | V46: 48.082344 | W46: 48.338096
... B53: Italia | C53: 58.52055 | D53: 59.049285 | E53: 57.466765 | F53: 58.224408 | G53: 60.141852 | H53: 61.479051 | I53: 62.180504 | J53: 49.550207 | K53: 50.174255 | L53: 48.435447 | M53: 49.407684 | N53: 51.099794 | O53: 52.520935 | P53: 53.262699 | Q53: 67.557619 | R53: 67.978149 | S53: 66.550086 | T53: 67.079496 | U53: 69.196611 | V53: 70.412215 | W53: 71.063068
B55: Fonte: elaborazioni Ires Piemonte su dati RFL ISTAT (nuova rilevazione 2021)
B56: * Si considera 15-89 anni

Sheet Tavola 2
E2: OFFERTA DI LAVORO - STIME PER I GRANDI COMUNI (Rilevazione sulle Forze di Lavoro ISTAT)
B6: Tavola 2 - Disocccupati 15-74 anni nei grandi comuni e tasso disoccupazione
B7: I dati sono disponibili dall'anno 2018 con aggiornamento annuale (prossimo aggiornamento a marzo 2026)
B9: DISOCCUPATI 15-74 ANNI (migliaia)
B10: Area territoriale | C10: 2018 | D10: 2019 | E10: 2020 | F10: 2021 | G10: 2022 | H10: 2023 | I10: 2024
B11: Torino | C11: 36.934 | D11: 31.178 | E11: 31.29 | F11: 30.761 | G11: 31.435 | H11: 31.385 | I11: 31.227
B12: Genova | C12: 23.437 | D12: 25.729 | E12: 20.57 | F12: 19.821 | G12: 17.081 | H12: 16.463 | I12: 15.357
B13: Milano | C13: 42.419 | D13: 36.163 | E13: 43.792 | F13: 47.413 | G13: 40.736 | H13: 35.234 | I13: 35.837
B14: Verona | C14: 9.859 | D14: 7.021 | E14: 9.497 | F14: 6.417 | G14: 5.292 | H14: 3.894 | I14: 6.938
B15: Venezia | C15: 6.926 | D15: 6.21 | E15: 5.484 | F15: 5.377 | G15: 5.279 | H15: 5.67 | I15: 5.002
B16: Bologna | C16: 10.549 | D16: 6.451 | E16: 7.373 | F16: 7.4 | G16: 6.275 | H16: 6.978 | I16: 10.134
B17: Firenze | C17: 10.166 | D17: 12.407 | E17: 13.397 | F17: 13.934 | G17: 12.567 | H17: 9.806 | I17: 6.086
B18: Roma | C18: 116.774 | D18: 108.097 | E18: 103.389 | F18: 111.732 | G18: 86.768 | H18: 72.928 | I18: 62.556
B19: Napoli | C19: 109.114 | D19: 108.914 | E19: 90.948 | F19: 106.659 | G19: 96.475 | H19: 104.303 | I19: 107.477
B20: Bari | C20: 12.1 | D20: 12.658 | E20: 11.889 | F20: 11.164 | G20: 10.825 | H20: 11.802 | I20: 6.485
B21: Palermo | C21: 37.781 | D21: 38.805 | E21: 34.102 | F21: 47.387 | G21: 46.086 | H21: 45.223 | I21: 34.8
... B29: Italia | C29: 2709.377 | D29: 2540.002 | E29: 2300.886 | F29: 2366.806 | G29: 2027.489 | H29: 1946.869 | I29: 1663.569
B32: Tasso disoccupazione (15-74 anni)
B33: Area territoriale | C33: 2018 | D33: 2019 | E33: 2020 | F33: 2021 | G33: 2022 | H33: 2023 | I33: 2024
B34: Torino | C34: 9.023214 | D34: 7.764207 | E34: 8.23099 | F34: 8.079508 | G34: 8.082948 | H34: 8.174496 | I34: 7.829152
B35: Genova | C35: 9.291528 | D35: 10.264471 | E35: 8.559897 | F35: 8.168036 | G35: 6.850397 | H35: 6.443205 | I35: 5.983339
B36: Milano | C36: 6.196258 | D36: 5.190683 | E36: 6.378328 | F36: 6.771271 | G36: 5.834991 | H36: 5.119598 | I36: 5.016668
B37: Verona | C37: 8.348596 | D37: 5.717998 | E37: 7.993116 | F37: 5.411574 | G37: 4.426293 | H37: 3.080975 | I37: 5.853356
B38: Venezia | C38: 5.934112 | D38: 5.399033 | E38: 5.142147 | F38: 5.195921 | G38: 4.415151 | H38: 4.789418 | I38: 4.480457
B39: Bologna | C39: 5.423134 | D39: 3.313627 | E39: 3.902953 | F39: 3.919204 | G39: 3.27985 | H39: 3.704269 | I39: 5.275885
B40: Firenze | C40: 5.626545 | D40: 6.821972 | E40: 8.014181 | F40: 8.113637 | G40: 6.89189 | H40: 5.58047 | I40: 3.427954
B41: Roma | C41: 8.763072 | D41: 8.152581 | E41: 8.101123 | F41: 8.76727 | G41: 6.861318 | H41: 5.657829 | I41: 4.795538
B42: Napoli | C42: 29.908396 | D42: 30.081969 | E42: 26.978939 | F42: 31.078228 | G42: 28.641668 | H42: 29.114792 | I42: 29.524037
B43: Bari | C43: 10.39508 | D43: 10.228019 | E43: 9.877016 | F43: 9.403095 | G43: 8.796535 | H43: 9.117364 | I43: 5.069115
B44: Palermo | C44: 17.213558 | D44: 17.670501 | E44: 16.224167 | F44: 20.886994 | G44: 20.570456 | H44: 19.807969 | I44: 15.089808
... B52: Italia | C52: 10.584862 | D52: 9.934087 | E52: 9.348279 | F52: 9.532253 | G52: 8.092089 | H52: 7.650163 | I52: 6.515803
B54: Fonte: elaborazioni Ires Piemonte su dati RFL ISTAT (nuova rilevazione 2021)

Sheet Tavola 3
E2: OFFERTA DI LAVORO - STIME PER I GRANDI COMUNI (Rilevazione sulle Forze di Lavoro ISTAT)
B6: Tavola 3 - Non forze di lavoro 15-64 anni e tasso di inattività 15-64 anni per genere
B7: I dati sono disponibili dall'anno 2018 con aggiornamento annuale (prossimo aggiornamento a marzo 2026)
B9: NON FORZE LAVORO 15-64 ANNI (migliaia)
B10: Area territoriale | C10: Totale | J10: Donne | Q10: Uomini
C11: 2018 | D11: 2019 | E11: 2020 | F11: 2021 | G11: 2022 | H11: 2023 | I11: 2024 | J11: 2018 | K11: 2019 | L11: 2020 | M11: 2021 | N11: 2022 | O11: 2023 | P11: 2024 | Q11: 2018 | R11: 2019 | S11: 2020 | T11: 2021 | U11: 2022 | V11: 2023 | W11: 2024
B12: Torino | C12: 135.342 | D12: 138.535 | E12: 155.708 | F12: 153.109 | G12: 143.315 | H12: 141.181 | I12: 135.196 | J12: 83.494 | K12: 80.924 | L12: 92.116 | M12: 96.697 | N12: 83.431 | O12: 81.525 | P12: 79.665 | Q12: 51.847 | R12: 57.61 | S12: 63.592 | T12: 56.412 | U12: 59.885 | V12: 59.656 | W12: 55.531
B13: Genova | C13: 95.995 | D13: 97.32 | E13: 103.886 | F13: 98.202 | G13: 93.703 | H13: 86.801 | I13: 87.519 | J13: 57.588 | K13: 56.731 | L13: 62.393 | M13: 60.402 | N13: 60.46 | O13: 52.894 | P13: 54.457 | Q13: 38.407 | R13: 40.589 | S13: 41.492 | T13: 37.8 | U13: 33.243 | V13: 33.907 | W13: 33.062
B14: Milano | C14: 209.153 | D14: 208.098 | E14: 231.324 | F14: 217.999 | G14: 202.644 | H14: 206.254 | I14: 195.836 | J14: 124.316 | K14: 118.005 | L14: 131.907 | M14: 127.04 | N14: 122.065 | O14: 118.939 | P14: 108.38 | Q14: 84.836 | R14: 90.093 | S14: 99.417 | T14: 90.958 | U14: 80.579 | V14: 87.315 | W14: 87.456
B15: Verona | C15: 44.266 | D15: 38.724 | E15: 43.13 | F15: 44.526 | G15: 40.693 | H15: 34.291 | I15: 41.637 | J15: 27.527 | K15: 21.206 | L15: 27.918 | M15: 27.95 | N15: 27.694 | O15: 21.869 | P15: 22.579 | Q15: 16.739 | R15: 17.518 | S15: 15.213 | T15: 16.576 | U15: 12.999 | V15: 12.422 | W15: 19.058
B16: Venezia | C16: 43.086 | D16: 44.879 | E16: 51.941 | F16: 53.862 | G16: 40.596 | H16: 36.985 | I16: 45.472 | J16: 28.873 | K16: 30.223 | L16: 33.796 | M16: 31.55 | N16: 23.887 | O16: 22.312 | P16: 29.341 | Q16: 14.213 | R16: 14.656 | S16: 18.144 | T16: 22.311 | U16: 16.709 | V16: 14.673 | W16: 16.131
B17: Bologna | C17: 52.38 | D17: 55.803 | E17: 65.254 | F17: 66.553 | G17: 61.119 | H17: 59.481 | I17: 61.914 | J17: 32.222 | K17: 31.027 | L17: 37.381 | M17: 39.47 | N17: 36.931 | O17: 33.946 | P17: 39.804 | Q17: 20.158 | R17: 24.776 | S17: 27.873 | T17: 27.083 | U17: 24.188 | V17: 25.535 | W17: 22.11
B18: Firenze | C18: 54.262 | D18: 50.545 | E18: 63.206 | F18: 58.705 | G18: 51.044 | H18: 52.576 | I18: 53.876 | J18: 29.68 | K18: 28.199 | L18: 39.123 | M18: 33.453 | N18: 29.362 | O18: 31.09 | P18: 34.579 | Q18: 24.582 | R18: 22.346 | S18: 24.083 | T18: 25.251 | U18: 21.682 | V18: 21.485 | W18: 19.297
B19: Roma | C19: 492.905 | D19: 504.002 | E19: 543.794 | F19: 528.591 | G19: 516.205 | H19: 487.669 | I19: 483.46 | J19: 300.836 | K19: 312.831 | L19: 339.785 | M19: 319.252 | N19: 306.09 | O19: 295.036 | P19: 292.931 | Q19: 192.069 | R19: 191.171 | S19: 204.01 | T19: 209.339 | U19: 210.115 | V19: 192.632 | W19: 190.528
B20: Napoli | C20: 273.217 | D20: 271.918 | E20: 292.986 | F20: 275.368 | G20: 261.703 | H20: 241.319 | I20: 237.174 | J20: 179.515 | K20: 178.67 | L20: 187.786 | M20: 181.891 | N20: 173.291 | O20: 164.816 | P20: 164.856 | Q20: 93.702 | R20: 93.248 | S20: 105.2 | T20: 93.478 | U20: 88.412 | V20: 76.504 | W20: 72.318
B21: Bari | C21: 89.285 | D21: 81.284 | E21: 82.49 | F21: 82.354 | G21: 79.26 | H21: 72.502 | I21: 73.418 | J21: 53.445 | K21: 52.689 | L21: 51.207 | M21: 52.51 | N21: 51.808 | O21: 49.194 | P21: 48.614 | Q21: 35.84 | R21: 28.595 | S21: 31.283 | T21: 29.844 | U21: 27.452 | V21: 23.307 | W21: 24.804
B22: Palermo | C22: 211.967 | D22: 208.444 | E22: 210.358 | F22: 187.692 | G22: 180.083 | H22: 174.955 | I22: 174.263 | J22: 129.985 | K22: 131.534 | L22: 131.085 | M22: 118.808 | N22: 113.247 | O22: 110.713 | P22: 109.076 | Q22: 81.981 | R22: 76.91 | S22: 79.273 | T22: 68.883 | U22: 66.835 | V22: 64.241 | W22: 65.186
B23: Messina | C23: 62.689 | D23: 62.018 | E23: 58.529 | F23: 58.599 | G23: 54.401 | H23: 54.134 | I23: 59.382 | J23: 42.277 | K23: 39.608 | L23: 41.174 | M23: 39.31 | N23: 34.995 | O23: 35.822 | P23: 37.668 | Q23: 20.413 | R23: 22.411 | S23: 17.355 | T23: 19.29 | U23: 19.406 | V23: 18.311 | W23: 21.714
... B30: Italia | C30: 13133.934 | D30: 13038.8 | E30: 13788.369 | F30: 13328.35 | G30: 12844.586 | H30: 12376.535 | I30: 12432.233 | J30: 8383.865 | K30: 8288.597 | L30: 8690.439 | M30: 8387.957 | N30: 8120.409 | O30: 7853.526 | P30: 7886.189 | Q30: 4750.069 | R30: 4750.203 | S30: 5097.93 | T30: 4940.392 | U30: 4724.177 | V30: 4523.009 | W30: 4546.043
B33: TASSO DI INATTIVITA' 15-64 ANNI (%)
B34: Area territoriale | C34: Totale | J34: Donne | Q34: Uomini
C35: 2018 | D35: 2019 | E35: 2020 | F35: 2021 | G35: 2022 | H35: 2023 | I35: 2024 | J35: 2018 | K35: 2019 | L35: 2020 | M35: 2021 | N35: 2022 | O35: 2023 | P35: 2023 | Q35: 2018 | R35: 2019 | S35: 2020 | T35: 2021 | U35: 2022 | V35: 2023 | W35: 2024
B36: Torino | C36: 25.34684 | D36: 26.184956 | E36: 29.543397 | F36: 29.257145 | G36: 27.409712 | H36: 27.305251 | I36: 25.827327 | J36: 30.853686 | K36: 30.21063 | L36: 34.536553 | M36: 36.552463 | N36: 31.651305 | O36: 31.413025 | P36: 30.366371 | Q36: 19.688011 | R36: 22.056443 | S36: 24.427595 | T36: 21.799296 | U36: 23.097388 | V36: 23.16547 | W36: 21.266874
B37: Genova | C37: 28.131703 | D37: 28.690022 | E37: 30.84408 | F37: 29.373084 | G37: 27.947261 | H37: 25.933151 | I37: 25.974015 | J37: 33.156806 | K37: 32.878837 | L37: 36.444826 | M37: 35.838481 | N37: 35.635925 | O37: 31.370135 | P37: 32.157522 | Q37: 22.922615 | R37: 24.35341 | S37: 25.054296 | T37: 22.80035 | U37: 20.071353 | V37: 20.413821 | W37: 19.726308
B38: Milano | C38: 23.944801 | D38: 23.491345 | E38: 25.858977 | F38: 24.468715 | G38: 23.028135 | H38: 23.633295 | I38: 22.150042 | J38: 28.37906 | K38: 26.617087 | L38: 29.479654 | M38: 28.506336 | N38: 27.755901 | O38: 27.394026 | P38: 24.683625 | Q38: 19.483705 | R38: 20.359677 | S38: 22.235509 | T38: 20.427604 | U38: 18.304928 | V38: 19.910053 | W38: 19.650493
B39: Verona | C39: 27.891819 | D39: 24.327345 | E39: 27.03556 | F39: 27.942109 | G39: 25.884714 | H39: 21.714919 | I39: 26.692689 | J39: 34.041121 | K39: 26.168262 | L39: 34.355501 | M39: 34.488804 | N39: 34.571827 | O39: 27.313512 | P39: 29.297893 | Q39: 21.503786 | R39: 22.418273 | S39: 19.435903 | T39: 21.167135 | U39: 16.859225 | V39: 15.956732 | W39: 24.148648
B40: Venezia | C40: 27.460029 | D40: 28.660606 | E40: 33.389974 | F40: 34.915252 | G40: 26.076752 | H40: 24.478709 | I40: 30.033703 | J40: 36.329063 | K40: 38.237834 | L40: 43.108835 | M40: 40.688298 | N40: 30.782273 | O40: 29.636096 | P40: 39.982796 | Q40: 18.35652 | R40: 18.899136 | S40: 23.515075 | T40: 29.080627 | U40: 21.399967 | V40: 19.356516 | W40: 20.675564
B41: Bologna | C41: 21.470891 | D41: 22.692111 | E41: 26.322037 | F41: 26.848872 | G41: 24.712373 | H41: 24.303899 | I41: 25.089399 | J41: 25.807864 | K41: 24.678509 | L41: 29.538386 | M41: 31.214386 | N41: 29.350216 | O41: 27.353942 | P41: 31.823216 | Q41: 16.924647 | R41: 20.614249 | S41: 22.968018 | T41: 22.30302 | U41: 19.909102 | V41: 21.166436 | W41: 18.16831
B42: Firenze | C42: 23.650339 | D42: 22.277043 | E42: 28.161327 | F42: 26.375258 | G42: 22.574953 | H42: 23.698919 | I42: 24.044005 | J42: 25.047068 | K42: 24.051849 | L42: 33.714428 | M42: 29.093733 | N42: 25.198099 | O42: 27.345901 | P42: 30.117249 | Q42: 22.158433 | R42: 20.379366 | S42: 22.216731 | T42: 23.469947 | U42: 19.785601 | V42: 19.865199 | W42: 17.661967
B43: Roma | C43: 27.472269 | D43: 28.087424 | E43: 30.50111 | F43: 29.995478 | G43: 29.552952 | H43: 28.102223 | I43: 27.733255 | J43: 32.562569 | K43: 33.868908 | L43: 37.028236 | M43: 35.211818 | N43: 34.142793 | O43: 33.236617 | P43: 32.892647 | Q43: 22.068753 | R43: 21.954695 | S43: 23.578647 | T43: 24.467672 | U43: 24.713231 | V43: 22.725354 | W43: 22.344611
B44: Napoli | C44: 43.48825 | D44: 43.547378 | E44: 47.308655 | F44: 45.261374 | G44: 44.414243 | H44: 41.091098 | I44: 40.342957 | J44: 55.874147 | K44: 55.971171 | L44: 59.344286 | M44: 58.49844 | N44: 57.515182 | O44: 55.182204 | P44: 55.148382 | Q44: 30.524779 | R44: 30.553004 | S44: 34.734111 | T44: 31.424942 | U44: 30.705415 | V44: 26.508216 | W44: 25.026714
B45: Bari | C45: 44.254207 | D45: 40.442729 | E45: 41.395035 | F45: 41.585277 | G45: 39.888782 | H45: 36.618228 | I45: 37.018365 | J45: 52.147119 | K45: 51.615698 | L45: 50.607974 | M45: 52.219274 | N45: 51.351258 | O45: 49.185386 | P45: 49.289791 | Q45: 36.10492 | R45: 28.911309 | S45: 31.891601 | T45: 30.615745 | U45: 28.065731 | V45: 23.788997 | W45: 24.878692
B46: Palermo | C46: 49.825835 | D46: 49.471586 | E46: 50.623231 | F46: 45.957737 | G46: 45.158922 | H46: 44.057189 | I46: 43.875344 | J46: 59.58229 | K46: 60.88058 | L46: 61.475919 | M46: 56.636554 | N46: 55.256931 | O46: 54.4796 | P46: 53.665931 | Q46: 39.555936 | R46: 37.464321 | S46: 39.184579 | T46: 34.679711 | U46: 34.481652 | V46: 33.133171 | W46: 33.61402
B47: Messina | C47: 42.142871 | D47: 42.258979 | E47: 40.439316 | F47: 41.241601 | G47: 39.350709 | H47: 39.45841 | I47: 43.347088 | J47: 55.728858 | K47: 52.968338 | L47: 55.840057 | M47: 54.243428 | N47: 49.583823 | O47: 51.341097 | P47: 54.106555 | Q47: 28.003563 | R47: 31.133838 | S47: 24.444588 | T47: 27.707564 | U47: 28.677735 | V47: 27.160672 | W47: 32.229083
... B54: Italia | C54: 34.41626 | D54: 34.306538 | E54: 36.479551 | F54: 35.517794 | G54: 34.467278 | H54: 33.321629 | I54: 33.392725 | J54: 43.77606 | K54: 43.484972 | L54: 45.852529 | M54: 44.608127 | N54: 43.550195 | O54: 42.347518 | P54: 42.448325 | Q54: 24.98683 | R54: 25.072434 | S54: 27.052602 | T54: 26.387901 | U54: 25.371604 | V54: 24.320881 | W54: 24.372905
B56: Fonte: elaborazioni Ires Piemonte su dati RFL ISTAT (nuova rilevazione 2021)

Sheet Tavola 4
E2: OFFERTA DI LAVORO - STIME PER I GRANDI COMUNI (Rilevazione sulle Forze di Lavoro ISTAT)
B6: Tavola 4 - Popolazione 15-64 anni per genere
B7: I dati sono disponibili dall'anno 2018 con aggiornamento annuale (prossimo aggiornamento a marzo 2026)
B9: POPOLAZIONE 15-64 ANNI (migliaia)
B10: Area territoriale | C10: Totale | J10: Donne | Q10: Uomini
C11: 2018 | D11: 2019 | E11: 2020 | F11: 2021 | G11: 2022 | H11: 2023 | I11: 2024 | J11: 2018 | K11: 2019 | L11: 2020 | M11: 2021 | N11: 2022 | O11: 2023 | P11: 2024 | Q11: 2018 | R11: 2019 | S11: 2020 | T11: 2021 | U11: 2022 | V11: 2023 | W11: 2024
B12: Torino | C12: 533.96005 | D12: 529.06333 | E12: 527.0484 | F12: 523.32174 | G12: 522.86212 | H12: 517.04707 | I12: =100*'Tavola 3'!I12/'Tavola 3'!I36 -> 523.46106 | J12: 270.61272 | K12: 267.86598 | L12: 266.72031 | M12: 264.54305 | N12: 263.59419 | O12: 259.5261 | P12: =100*'Tavola 3'!P12/'Tavola 3'!P36 -> 262.34613 | Q12: 263.34301 | R12: 261.19352 | S12: 260.32853 | T12: 258.779 | U12: 259.27174 | V12: 257.52122 | W12: =100*'Tavola 3'!W12/'Tavola 3'!W36 -> 261.11501
B13: Genova | C13: 341.23423 | D13: 339.21201 | E13: 336.81018 | F13: 334.32649 | G13: 335.28509 | H13: 334.71058 | I13: 336.94829 | J13: 173.6838 | K13: 172.54564 | L13: 171.19851 | M13: 168.53951 | N13: 169.66025 | O13: 168.6126 | P13: 169.34452 | Q13: 167.55069 | R13: 166.6666 | S13: 165.60833 | T13: 165.78693 | U13: 165.62411 | V13: 166.09825 | W13: 167.60359
B14: Milano | C14: 873.4798 | D14: 885.84966 | E14: 894.55975 | F14: 890.9295 | G14: 879.98442 | H14: 872.72638 | I14: 884.13376 | J14: 438.05538 | K14: 443.34303 | L14: 447.45098 | M14: 445.65531 | N14: 439.78036 | O14: 434.17861 | P14: 439.07651 | Q14: 435.42027 | R14: 442.50702 | S14: 447.10917 | T14: 445.27004 | U14: 440.20386 | V14: 438.5473 | W14: 445.05754
B15: Verona | C15: 158.70603 | D15: 159.1789 | E15: 159.53063 | F15: 159.35089 | G15: 157.20861 | H15: 157.91447 | I15: 155.98653 | J15: 80.863964 | K15: 81.037098 | L15: 81.262095 | M15: 81.040792 | N15: 80.105688 | O15: 80.066599 | P15: 77.066975 | Q15: 77.842107 | R15: 78.141612 | S15: 78.272669 | T15: 78.310078 | U15: 77.103188 | V15: 77.848021 | W15: 78.919532
B16: Venezia | C16: 156.90442 | D16: 156.58776 | E16: 155.55867 | F16: 154.26496 | G16: 155.6789 | H16: 151.09048 | I16: 151.40324 | J16: 79.476313 | K16: 79.039519 | L16: 78.396923 | M16: 77.540722 | N16: 77.599858 | O16: 75.286569 | P16: 73.384062 | Q16: 77.42753 | R16: 77.548519 | S16: 77.159014 | T16: 76.721179 | U16: 78.07956 | V16: 75.803931 | W16: 78.019637
B17: Bologna | C17: 243.9582 | D17: 245.91366 | E17: 247.90635 | F17: 247.88006 | G17: 247.32145 | H17: 244.73851 | I17: 246.77355 | J17: 124.85342 | K17: 125.72478 | L17: 126.55058 | M17: 126.44811 | N17: 125.82872 | O17: 124.09912 | P17: 125.0785 | Q17: 119.1044 | R17: 120.18871 | S17: 121.3557 | T17: 121.43199 | U17: 121.49217 | V17: 120.63911 | W17: 121.69541
B18: Firenze | C18: 229.43434 | D18: 226.89277 | E18: 224.44255 | F18: 222.57602 | G18: 226.109 | H18: 221.84978 | I18: 224.07249 | J18: 118.4969 | K18: 117.24255 | L18: 116.04231 | M18: 114.98353 | N18: 116.52466 | O18: 113.69163 | P18: 114.8146 | Q18: 110.93745 | R18: 109.65012 | S18: 108.40029 | T18: 107.58865 | U18: 109.58474 | V18: 108.15396 | W18: 109.25737
B19: Roma | C19: 1794.1911 | D19: 1794.4045 | E19: 1782.8663 | F19: 1762.2356 | G19: 1746.7121 | H19: 1735.3396 | I19: 1743.2501 | J19: 923.8706 | K19: 923.65245 | L19: 917.63756 | M19: 906.66151 | N19: 896.49959 | O19: 887.68361 | P19: 890.56682 | Q19: 870.32104 | R19: 870.75225 | S19: 865.232 | T19: 855.57384 | U19: 850.21258 | V19: 847.65236 | W19: 852.67987
B20: Napoli | C20: 628.25476 | D20: 624.41877 | E20: 619.3074 | F20: 608.39514 | G20: 589.23215 | H20: 587.27805 | I20: 587.89444 | J20: 321.28455 | K20: 319.21791 | L20: 316.43485 | M20: 310.93308 | N20: 301.2961 | O20: 298.676 | P20: 298.93171 | Q20: 306.97028 | R20: 305.20076 | S20: 302.8723 | T20: 297.46435 | U20: 287.93618 | V20: 288.60486 | W20: 288.96323
B21: Bari | C21: 201.75483 | D21: 200.98545 | E21: 199.27511 | F21: 198.03643 | G21: 198.70248 | H21: 197.99429 | I21: 198.32859 | J21: 102.48888 | K21: 102.07941 | L21: 101.18366 | M21: 100.55674 | N21: 100.88945 | O21: 100.01751 | P21: 98.628943 | Q21: 99.26625 | R21: 98.905933 | S21: 98.091657 | T21: 97.479255 | U21: 97.813237 | V21: 97.973866 | W21: 99.699775
B22: Palermo | C22: 425.41585 | D22: 421.34085 | E22: 415.5365 | F22: 408.40131 | G22: 398.77613 | H22: 397.10886 | I22: 397.17751 | J22: 218.16046 | K22: 216.05248 | L22: 213.22983 | M22: 209.77265 | N22: 204.94624 | O22: 203.21919 | P22: 203.24999 | Q22: 207.25334 | R22: 205.28865 | S22: 202.30663 | T22: 198.62622 | U22: 193.82772 | V22: 193.88727 | W22: 193.92503
B23: Messina | C23: 148.75351 | D23: 146.75698 | E23: 144.73291 | F23: 142.08711 | G23: 138.24656 | H23: 137.19255 | I23: 136.9919 | J23: 75.861953 | K23: 74.776747 | L23: 73.735598 | M23: 72.469609 | N23: 70.577454 | O23: 69.772564 | P23: 69.618182 | Q23: 72.894296 | R23: 71.982773 | S23: 70.99731 | T23: 69.619978 | U23: 67.669221 | V23: 67.41733 | W23: 67.373931
B24: Catania | C24: 191.68379 | D24: 191.28742 | E24: 189.60213 | F24: 188.19143 | G24: 187.65201 | H24: 187.6198 | I24: 187.7879 | J24: 97.181599 | K24: 96.844893 | L24: 95.854999 | M24: 95.131368 | N24: 94.920152 | O24: 94.382852 | P24: 94.442121 | Q24: 94.501571 | R24: 94.442025 | S24: 93.746883 | T24: 93.060118 | U24: 92.731514 | V24: 93.237085 | W24: 93.345034
B25: Provincia di Torino | C25: 1388.7455 | D25: 1379.8846 | E25: 1373.7588 | F25: 1364.7649 | G25: 1357.3725 | H25: 1350.339 | I25: =100*'Tavola 3'!I25/'Tavola 3'!I49 -> 1356.275 | J25: 700.383 | K25: 695.613 | L25: 691.506 | M25: 686.066 | N25: 681.40401 | O25: 676.767 | P25: =100*'Tavola 3'!P25/'Tavola 3'!P49 -> 679.09199 | Q25: 688.51602 | R25: 684.54401 | S25: 681.01301 | T25: 676.567 | U25: 674.244 | V25: 673.572 | W25: =100*'Tavola 3'!W25/'Tavola 3'!W49 -> 677.183
B26: Piemonte | C26: 2684.8826 | D26: 2665.4789 | E26: 2649.9474 | F26: 2626.8552 | G26: 2614.3828 | H26: 2604.166 | I26: =100*'Tavola 3'!I26/'Tavola 3'!I50 -> 2612.815 | J26: 1343.07 | K26: 1333.704 | L26: 1324.895 | M26: 1313.377 | N26: 1303.435 | O26: 1297.124 | P26: =100*'Tavola 3'!P26/'Tavola 3'!P50 -> 1300.169 | Q26: 1338.4 | R26: 1330.052 | S26: 1322.182 | T26: 1313.01 | U26: 1307.673 | V26: 1307.042 | W26: =100*'Tavola 3'!W26/'Tavola 3'!W50 -> 1312.646
B27: Nord | C27: 17331.142 | D27: 17318.778 | E27: 17286.9 | F27: 17218.792 | G27: 17186.656 | H27: 17152.276 | I27: =100*'Tavola 3'!I27/'Tavola 3'!I51 -> 17226.17 | J27: 8646.7701 | K27: 8632.2641 | L27: 8614.0339 | M27: 8571.5199 | N27: 8537.2439 | O27: 8508.9399 | P27: =100*'Tavola 3'!P27/'Tavola 3'!P51 -> 8539.345 | Q27: 8684.372 | R27: 8686.514 | S27: 8672.8648 | T27: 8647.2721 | U27: 8649.411 | V27: 8643.3361 | W27: =100*'Tavola 3'!W27/'Tavola 3'!W51 -> 8686.8261
B28: Centro | C28: 7507.602 | D28: 7481.2879 | E28: 7438.7001 | F28: 7389.442 | G28: 7365.4489 | H28: 7331.9829 | I28: =100*'Tavola 3'!I28/'Tavola 3'!I52 -> 7355.3281 | J28: 3796.746 | K28: 3780.601 | L28: 3757.695 | M28: 3729.474 | N28: 3709.662 | O28: 3683.003 | P28: =100*'Tavola 3'!P28/'Tavola 3'!P52 -> 3693.514 | Q28: 3710.857 | R28: 3700.687 | S28: 3681.0051 | T28: 3659.967 | U28: 3655.787 | V28: 3648.981 | W28: =100*'Tavola 3'!W28/'Tavola 3'!W52 -> 3661.814
B29: Mezzogiorno | C29: 13323.259 | D29: 13206.684 | E29: 13071.929 | F29: 12917.605 | G29: 12713.925 | H29: 12658.388 | I29: =100*'Tavola 3'!I29/'Tavola 3'!I53 -> 10600.209 | J29: 6708.197 | K29: 6647.966 | L29: 6581.29 | M29: 6502.658 | N29: 6399.186 | O29: 6353.4799 | P29: =100*'Tavola 3'!P29/'Tavola 3'!P53 -> 5647.5132 | Q29: 6615.062 | R29: 6558.718 | S29: 6490.639 | T29: 6414.9471 | U29: 6314.739 | V29: 6304.908 | W29: =100*'Tavola 3'!W29/'Tavola 3'!W53 -> 4789.1069
B30: Italia | C30: 38162.002 | D30: 38006.75 | E30: 37797.529 | F30: 37525.838 | G30: 37266.03 | H30: 37142.647 | I30: =100*'Tavola 3'!I30/'Tavola 3'!I54 -> 37230.364 | J30: 19151.712 | K30: 19060.831 | L30: 18953.02 | M30: 18803.652 | N30: 18646.091 | O30: 18545.422 | P30: =100*'Tavola 3'!P30/'Tavola 3'!P54 -> 18578.328 | Q30: 19010.291 | R30: 18945.919 | S30: 18844.509 | T30: 18722.186 | U30: 18619.938 | V30: 18597.225 | W30: =100*'Tavola 3'!W30/'Tavola 3'!W54 -> 18652.036
B32: Fonte: elaborazioni Ires Piemonte su dati RFL ISTAT (nuova rilevazione 2021)
B33: Nota: La popolazione è stata stimata da IRES Piemonte utilizzando dati Istat
